HomeID,OwnerEmail,SquareFootage,SecondaryContact
homeA2014,resident@home.com,2200,contact0@email.com
homeA2015,resident@home.com,2200,555-0199
homeA2016,resident@home.com,2200,555-0199
homeB2014,resident@home.com,2200,contact3@email.com
homeB2015,resident@home.com,2200,555-0199
homeB2016,resident@home.com,2200,555-0199
homeC2014,resident@home.com,2200,contact6@email.com
homeC2015,resident@home.com,2200,555-0199
homeC2016,resident@home.com,2200,555-0199
homeD2015,resident@home.com,2200,contact9@email.com
homeD2016,resident@home.com,2200,555-0199
homeF2014,resident@home.com,2200,555-0199
homeF2015,resident@home.com,2200,contact12@email.com
homeF2016,resident@home.com,2200,555-0199
homeG2015,resident@home.com,2200,555-0199
homeG2016,resident@home.com,2200,contact15@email.com
homeH2016,resident@home.com,2200,555-0199
H1017,resident@home.com,2200,555-0199
H1018,resident@home.com,2200,contact18@email.com
H1019,resident@home.com,2200,555-0199
H1020,resident@home.com,2200,555-0199
H1021,resident@home.com,2200,contact21@email.com
H1022,resident@home.com,2200,555-0199
H1023,resident@home.com,2200,555-0199
H1024,resident@home.com,2200,contact24@email.com
H1025,resident@home.com,2200,555-0199
H1026,resident@home.com,2200,555-0199
H1027,resident@home.com,2200,contact27@email.com
H1028,resident@home.com,2200,555-0199
H1029,resident@home.com,2200,555-0199
H1030,resident@home.com,2200,contact30@email.com
H1031,resident@home.com,2200,555-0199
H1032,resident@home.com,2200,555-0199
H1033,resident@home.com,2200,contact33@email.com
H1034,resident@home.com,2200,555-0199
H1035,resident@home.com,2200,555-0199
H1036,resident@home.com,2200,contact36@email.com
H1037,resident@home.com,2200,555-0199
H1038,resident@home.com,2200,555-0199
H1039,resident@home.com,2200,contact39@email.com
H1040,resident@home.com,2200,555-0199
H1041,resident@home.com,2200,555-0199
H1042,resident@home.com,2200,contact42@email.com
H1043,resident@home.com,2200,555-0199
H1044,resident@home.com,2200,555-0199
H1045,resident@home.com,2200,contact45@email.com
H1046,resident@home.com,2200,555-0199
H1047,resident@home.com,2200,555-0199
H1048,resident@home.com,2200,contact48@email.com
H1049,resident@home.com,2200,555-0199
H1050,resident@home.com,2200,555-0199
H1051,resident@home.com,2200,contact51@email.com
H1052,resident@home.com,2200,555-0199
H1053,resident@home.com,2200,555-0199
H1054,resident@home.com,2200,contact54@email.com
H1055,resident@home.com,2200,555-0199
H1056,resident@home.com,2200,555-0199
H1057,resident@home.com,2200,contact57@email.com
H1058,resident@home.com,2200,555-0199
H1059,resident@home.com,2200,555-0199
H1060,resident@home.com,2200,contact60@email.com
H1061,resident@home.com,2200,555-0199
H1062,resident@home.com,2200,555-0199
H1063,resident@home.com,2200,contact63@email.com
H1064,resident@home.com,2200,555-0199
H1065,resident@home.com,2200,555-0199
H1066,resident@home.com,2200,contact66@email.com
H1067,resident@home.com,2200,555-0199
H1068,resident@home.com,2200,555-0199
H1069,resident@home.com,2200,contact69@email.com
H1070,resident@home.com,2200,555-0199
H1071,resident@home.com,2200,555-0199
H1072,resident@home.com,2200,contact72@email.com
H1073,resident@home.com,2200,555-0199
H1074,resident@home.com,2200,555-0199
H1075,resident@home.com,2200,contact75@email.com
H1076,resident@home.com,2200,555-0199
H1077,resident@home.com,2200,555-0199
H1078,resident@home.com,2200,contact78@email.com
H1079,resident@home.com,2200,555-0199
H1080,resident@home.com,2200,555-0199
H1081,resident@home.com,2200,contact81@email.com
H1082,resident@home.com,2200,555-0199
H1083,resident@home.com,2200,555-0199
H1084,resident@home.com,2200,contact84@email.com
H1085,resident@home.com,2200,555-0199
H1086,resident@home.com,2200,555-0199
H1087,resident@home.com,2200,contact87@email.com
H1088,resident@home.com,2200,555-0199
H1089,resident@home.com,2200,555-0199
H1090,resident@home.com,2200,contact90@email.com
H1091,resident@home.com,2200,555-0199
H1092,resident@home.com,2200,555-0199
H1093,resident@home.com,2200,contact93@email.com
H1094,resident@home.com,2200,555-0199
H1095,resident@home.com,2200,555-0199
H1096,resident@home.com,2200,contact96@email.com
H1097,resident@home.com,2200,555-0199
H1098,resident@home.com,2200,555-0199
H1099,resident@home.com,2200,contact99@email.com
H1100,resident@home.com,2200,555-0199
H1101,resident@home.com,2200,555-0199
H1102,resident@home.com,2200,contact102@email.com
H1103,resident@home.com,2200,555-0199
H1104,resident@home.com,2200,555-0199
